Mean,Median,Std,Min,Max
0.40080043304905105,0.32861409045761314,0.3779889796498341,0.0,1.0000000000000002
